id,name,branch_code,branch_merchant_code,branch_manager,invoice_prefix,contact_number,is_active,company_has_region_id,company_id,is_pos,is_sok,is_qrcode,is_mobile_ordering,is_table_room,country_id,state_id,city_id,license_id,license_no,gst_no,tax_ids,discount_ids,is_for_app,dining_page_link,created_at,updated_at
1,Nirlon Knowledge Park,BRANCH-646cae47ded75,NULL,Maruti Kamath,N,7349162999,1,NULL,1,0,0,0,0,0,NULL,NULL,1,NULL,11524997000531,27AAACR2547Q1ZW,"1,2,3,4",NULL,1,https://foodweb-nautilius.ksoftpl.com,2023-05-23 12:20:28,2023-07-13 11:47:26
2,Embassy Tech Village,BRANCH-646cafdd52691,146Z,Sandel Kumar Rathinam Gobi,E,9886684960,1,NULL,1,0,0,0,0,0,NULL,NULL,2,NULL,11223333001212,29AADCC9070A2ZS,"1,2,3,4",NULL,1,https://foodweb-emu.ksoftpl.com,2023-05-23 12:23:31,2023-06-18 14:08:33
3,KANISHKA CAFE,BRANCH-64b8eaa3f3267,NULL,Vinay Singh,KAN,9167833457,1,NULL,2,0,0,0,0,0,NULL,NULL,1,NULL,NULL,27AAGCK8941D1ZE,"1,2,3,4",NULL,0,NULL,2023-07-20 13:35:50,2023-07-20 13:35:50
4,Magnus Tower,BRANCH-64de00f4d895b,NULL,Manoj Patwal,M,7745221544,1,NULL,1,0,0,0,0,0,NULL,NULL,1,NULL,11515010000091,27AAKCS3672B1ZC,"1,2,3,4",NULL,0,NULL,2023-08-17 16:47:32,2023-08-18 14:55:50
5,On Point,BRANCH-6607b6757487b,NULL,Dhiraj P Shrivas,OPK,7539514569,1,NULL,2,0,0,0,0,0,NULL,NULL,1,NULL,7898520456357,RGBN789HG4452,"1,2,3",NULL,0,NULL,2024-03-30 12:23:44,2024-03-30 12:23:44
6,AK Branch,BRANCH-669f5c8874467,NULL,Ayush K,R,7894561230,1,NULL,2,0,0,0,0,0,NULL,NULL,1,NULL,NULL,NULL,1,NULL,0,NULL,2024-07-23 13:04:12,2024-07-23 13:04:12
7,tstbranch,BRANCH-669f5c8144e04,NULL,geetmanager,abc,8976358355,1,NULL,2,0,0,0,0,0,NULL,NULL,1,NULL,NULL,21256589,1,NULL,0,NULL,2024-07-23 13:06:41,2024-07-23 13:06:41
8,testobranch,BRANCH-669fa5a0cfff9,NULL,Gmanager,xyz,4586289699,1,NULL,2,0,0,0,0,0,NULL,NULL,1,NULL,595989,21256589,"1,2,3",2,0,NULL,2024-07-23 18:17:46,2024-07-23 18:17:46
9,Magma,BRANCH-66cde08d90428,131N,Sushant Kote,H,9702580868,1,NULL,1,0,0,0,0,0,NULL,NULL,3,NULL,13621013000979,36AADCC9070A1ZY,1,NULL,1,https://foodweb-macaw.ksoftpl.com,2024-08-27 19:54:34,2024-08-27 20:37:16
10,JPMT-Kalina,BRANCH-6757e9121a981,JPMT9,MAHADEV PATIL,JPMT,7507576842,1,NULL,1,0,0,0,0,0,NULL,NULL,1,NULL,11516005000366,27AAKCS3672B1ZC,1,NULL,1,https://foodweb-Jaquar.ksoftpl.com/,2024-12-10 12:41:26,2024-12-10 12:41:26
11,JPMC ETV- 5,BRANCH-679378c845967,121I,Dhanunjay Burusu,Compass India Food Services Private Limited,7678311904,1,NULL,1,0,0,0,0,0,NULL,NULL,2,NULL,11221333001444,29AABCD0503B1ZG,1,NULL,0,NULL,2025-01-24 16:57:16,2025-01-24 16:57:16
12,BlueBay,BRANCH-67a48ba04822b,560104,RANGASWAMY,THANK YOU,9538343019,1,NULL,1,0,0,0,0,0,NULL,NULL,2,NULL,MA25150105180736458,29AQDPS4318L1ZD,1,NULL,0,NULL,2025-02-06 15:46:25,2025-02-06 15:46:25
13,FairWinds,BRANCH-67a48c1aa538f,560105,RANGASWAMY,THANK YOU,9538343019,1,NULL,1,0,0,0,0,0,NULL,NULL,2,NULL,MA25150105180736459,29AQDPS4318L1ZD,1,NULL,0,NULL,2025-02-06 15:48:35,2025-02-06 15:48:35
14,Platina 3,BRANCH-67a48cda963f3,560106,RANGASWAMY,THANK YOU,9538343019,1,NULL,1,0,0,0,0,0,NULL,NULL,2,NULL,MA25150105180736460,29AQDPS4318L1ZD,1,NULL,0,NULL,2025-02-06 15:51:53,2025-02-06 15:51:53
15,PTP,BRANCH-67a48d5eaf374,560107,RANGASWAMY,THANK YOU,9538343019,1,NULL,1,0,0,0,0,0,NULL,NULL,2,NULL,MA25150105180736460,29AQDPS4318L1ZD,1,NULL,0,NULL,2025-02-06 15:53:34,2025-02-06 15:53:34
16,"Paradigm Towers, A WING",BRANCH-67bc3df58013e,560103,Mahesh,THANK YOU,7506506132,1,NULL,1,0,0,0,0,0,NULL,NULL,1,NULL,11524010000212,27AAFCD6843A1ZV,2,NULL,0,NULL,2025-02-24 15:08:49,2025-02-24 15:08:49
17,Ventura,BRANCH-67c7d6130913b,V9,SUDHANSHU MOKAL,V,9833120150,1,NULL,1,0,0,0,0,0,NULL,NULL,1,NULL,NULL,27AAKCS3672B1ZC,1,NULL,0,https://foodweb-vervet-monkey.ksoftpl.com/,2025-03-05 10:12:19,2025-03-05 10:12:19
18,Paradigm Towers B,BRANCH-67c7d6b512b4d,PB01,Surya,PB,7506506132,1,NULL,1,0,0,0,0,0,NULL,NULL,1,NULL,11524010000212,27AAFCD6843A1ZV,1,NULL,0,https://foodweb-puma.ksoftpl.com/,2025-03-05 10:18:26,2025-03-05 10:18:26
