category_id,category_name,is_active
1,Salad,'blank.jpg'
2,Sandwich,'blank.jpg'
3,Main Course Veg,'blank.jpg'
4,Non Veg Main Course,'blank.jpg'
5,Shakes,'blank.jpg'
6,Juice,'blank.jpg'
7,Yogurt,'blank.jpg'
8,Bakery,'blank.jpg'
9,Pastry,'blank.jpg'
10,Cut Fruits,'blank.jpg'
11,Hot Coffee,'blank.jpg'
12,Fruit Juice,'blank.jpg'
13,Hot Tea,'blank.jpg'
14,Fruit Shakes,'blank.jpg'
15,Lassi,'blank.jpg'
16,Cold Beverages,'blank.jpg'
17,Quiche,'blank.jpg'
18,Tea/Coffee,'blank.jpg'
19,Milk,'blank.jpg'
20,Snack (SB),'blank.jpg'
21,Bread,'blank.jpg'
22,Breakfast TC,'blank.jpg'
23,Snack (TC),'blank.jpg'
24,Main Meal,'blank.jpg'
25,Dessert,'blank.jpg'
26,TEST CATEGORY,'blank.jpg'
27,Snacks TAGF,'blank.jpg'
28,Main Meal,'blank.jpg'
29,Dessert,'blank.jpg'
33,Biryani Veg,'blank.jpg'
34,Tea,'blank.jpg'
40,Zaffran Dinner,'blank.jpg'
41,Non-Veg Biryani,'blank.jpg'
43,Hot Coffee,'blank.jpg'
44,Cold Coffee,'blank.jpg'
45,Add On,'blank.jpg'
46,Cut Fruits,'blank.jpg'
47,Fruit Juice,'blank.jpg'
48,Milkshakes,'blank.jpg'
49,Lassi & Butter Milk,'blank.jpg'
50,Ice Cream,'blank.jpg'
51,Mocktail,'blank.jpg'
52,Sandwich,'blank.jpg'
53,Tea/Coffee,'blank.jpg'
54,Bread,'blank.jpg'
55,Snack,'blank.jpg'
56,Ice Cream,'blank.jpg'
57,Main Meal,'blank.jpg'
58,Snacks-NA,'blank.jpg'
59,Midnight Snacks,'blank.jpg'
60,Main Meal-NA,'blank.jpg'
61,Main Meal,'blank.jpg'
62,Lunch (WK),'blank.jpg'
63,Breakfast,'blank.jpg'
64,Dinner (WK),'blank.jpg'
65,Main Meal (Lunch),'blank.jpg'
66,Midnight Snacks N/A,'blank.jpg'
67,Snacks,'blank.jpg'
68,Tea,'blank.jpg'
69,Dakshin Dinner,'blank.jpg'
70,MIDNIGHT SNACKS A GF,'blank.jpg'
71,Test Category,'blank.jpg'
72,BB Test Category,'blank.jpg'
73,BREAKFAST TOWER A-GF,'blank.jpg'
74,Test Category,'blank.jpg'
75,Test Menu,'blank.jpg'
76,Test Category,'blank.jpg'
77,Test Category,'blank.jpg'
78,Test Category,'blank.jpg'
79,Midnight TC,'blank.jpg'
80,MIDNIGHT DAKSHIN-C,'blank.jpg'
81,mid night hearth,'blank.jpg'
82,Mid Night Kitchen,'blank.jpg'
83,Breakfast,'blank.jpg'
84,Dinner,'blank.jpg'
85,Snacks-SB,'blank.jpg'
86,Breakfast,'blank.jpg'
87,Snacks,'blank.jpg'
88,Midnight Snacks,'blank.jpg'
89,Breakfast M2,'blank.jpg'
90,Lunch M2,'blank.jpg'
91,Snacks M2,'blank.jpg'
92,Dinner M2,'blank.jpg'
93,Midnight Snacks M2,'blank.jpg'
94,Main MEAL,'blank.jpg'
95,Main Meal,'blank.jpg'
96,Dinner,'blank.jpg'
97,Dinner Menu,'blank.jpg'
98,Evening Snacks,'blank.jpg'
99,Midnight Snacks,'blank.jpg'
100,Maggie,'blank.jpg'
101,Eggs To Order,'blank.jpg'
102,All Day Momos N/A,'blank.jpg'
103,Midnight Snacks,'blank.jpg'
104,Main Meal N/A,'blank.jpg'
105,Evening Snacks,'blank.jpg'
106,Midnight Snacks,'blank.jpg'
107,Hearth Bangalore,'blank.jpg'
108,Biryani (Dinner),'blank.jpg'
109,Midnight Snacks,'blank.jpg'
110,Tea/Coffee,'blank.jpg'
111,Milk,'blank.jpg'
112,Snack,'blank.jpg'
113,Bread,'blank.jpg'
114,Breakfast,'blank.jpg'
115,Chaats,'blank.jpg'
116,Evening,'blank.jpg'
117,Midnight,'blank.jpg'
118,Eve Sna Spice Bowl,'blank.jpg'
119,Lunch,'blank.jpg'
120,Dinner Spice Bowl,'blank.jpg'
121,Mains,'blank.jpg'
122,Lunch Hearth,'blank.jpg'
123,Dinner Hearth,'blank.jpg'
124,Breakfast,'blank.jpg'
125,Egg To Order Nourish,'blank.jpg'
126,Lunch Masala 3,'blank.jpg'
127,Tea/Coffee,'blank.jpg'
128,Bread,'blank.jpg'
129,Snacks,'blank.jpg'
130,Appetizers (DRY),'blank.jpg'
131,Dinner M1,'blank.jpg'
132,Dinner M3,'blank.jpg'
133,RICE,'blank.jpg'
134,Lunch Xpress,'blank.jpg'
135,Burgers,'blank.jpg'
136,Evening Snacks,'blank.jpg'
137,Breakfast M3,'blank.jpg'
138,Salad & Sandwiches,'blank.jpg'
139,Chaat Nourish,'blank.jpg'
140,Kitchen Breakfast,'blank.jpg'
141,Evening Snacks,'blank.jpg'
142,Midnight Snack,'blank.jpg'
143,aam Chana Chaat,'blank.jpg'
144,Breakfast,'blank.jpg'
145,Snack,'blank.jpg'
146,Dessert,'blank.jpg'
147,Main Meal,'blank.jpg'
148,Main Meal,'blank.jpg'
149,Dinner,'blank.jpg'
150,Cookies,'blank.jpg'
151,MAINS (GRAVY),'blank.jpg'
152,Dakshin Breakfast,'blank.jpg'
153,Chaat,'blank.jpg'
154,Chinese,'blank.jpg'
155,Dosa,'blank.jpg'
156,EGG,'blank.jpg'
157,Farsan,'2024-03-01-65e21e437e1f3.jpg'
158,Franky,'blank.jpg'
159,Juices,'blank.jpg'
160,Maggi,'blank.jpg'
161,Meal,'blank.jpg'
162,Sandwich,'blank.jpg'
163,Snacks,'blank.jpg'
164,TDH,'blank.jpg'
165,Todays Special,'blank.jpg'
166,Trolley,'blank.jpg'
167,Food Festival,'blank.jpg'
168,Bakery,'blank.jpg'
169,Steep & Brew,'blank.jpg'
170,Beverages,'blank.jpg'
171,Beverages,'blank.jpg'
172,The Spice Bowl,'blank.jpg'
173,ALL DAY KITCHEN,'blank.jpg'
174,All Day,'blank.jpg'
175,BREAKFAST TOWER C-GF,'blank.jpg'
176,breakfast,'blank.jpg'
177,All Day,'blank.jpg'
178,Blended Nourish,'blank.jpg'
179,Breakfast,'blank.jpg'
180,Chocolates,'blank.jpg'
181,Hot Coffee,'blank.jpg'
182,Quiche,'2024-04-18-662120173ca1a.png'
183,Cold Beverages,'blank.jpg'
184,Hot Tea,'blank.jpg'
185,Snack,'blank.jpg'
186,Meal,'blank.jpg'
187,FESTIVAL,'blank.jpg'
188,Food Festival,'blank.jpg'
189,REJUVENATE,'blank.jpg'
190,Tea Menu,'blank.jpg'
191,Womens Celebration,'blank.jpg'
192,Soups Parfait Juices,'blank.jpg'
193,Meal,'blank.jpg'
194,Snacks,'blank.jpg'
195,Maggie,'blank.jpg'
196,Maggie,'blank.jpg'
197,Maggie,'blank.jpg'
198,Asian,'blank.jpg'
199,COMBO,'blank.jpg'
200,SOUP,'blank.jpg'
201,NOODLES,'blank.jpg'
202,Evening Snacks,'blank.jpg'
203,Buns,'blank.jpg'
204,Pizzas,'blank.jpg'
205,Dinner,'blank.jpg'
206,Madurai Drink,'blank.jpg'
207,Tea & Coffee,'blank.jpg'
208,Take away,'blank.jpg'
209,Canvas Carnival,'blank.jpg'
210,Fresh,'blank.jpg'
211,Fresh,'blank.jpg'
212,Take away,'blank.jpg'
213,Bakery,'blank.jpg'
214,Tea  Coffee,'blank.jpg'
215,Snacks,'blank.jpg'
216,Festive Sweets,'blank.jpg'
217,Fruit Shake,'blank.jpg'
218,Veg Of The Day,'blank.jpg'
219,Bakery,'blank.jpg'
220,Breakfast,'blank.jpg'
221,Combos,'blank.jpg'
222,Dessert,'blank.jpg'
223,Eggs,'blank.jpg'
224,Global & Continental,'blank.jpg'
225,Thali & Combo,'blank.jpg'
226,Festival Thali,'blank.jpg'
227,Oriental,'blank.jpg'
228,Evening Snacks,'blank.jpg'
229,Mid Night Snacks,'blank.jpg'
230,Tandoor,'blank.jpg'
231,Healthy Beverages,'blank.jpg'
232,Combos,'blank.jpg'
233,Eggs to Order,'blank.jpg'
234,Cereal,'blank.jpg'
235,Sandwich & Salad,'blank.jpg'
236,In JAR,'blank.jpg'
237,Veg Main Course,'blank.jpg'
238,Salads,'blank.jpg'
239,Snacks,'blank.jpg'
240,Veg Of The Day,'blank.jpg'
241,Bakery,'blank.jpg'
242,Breakfast,'blank.jpg'
243,Combos,'blank.jpg'
244,Dessert,'blank.jpg'
245,Eggs,'blank.jpg'
246,Global & Continental,'blank.jpg'
247,Thali & Combo,'blank.jpg'
248,Festival Thali,'blank.jpg'
249,Oriental,'blank.jpg'
250,Evening Snacks,'blank.jpg'
251,Mid Night Snacks,'blank.jpg'
252,Tandoor,'blank.jpg'
253,Bakery,'blank.jpg'
254,Breakfast,'blank.jpg'
255,Tea  Coffee,'blank.jpg'
256,Snacks,'blank.jpg'
257,Combos,'blank.jpg'
258,Global&Continental,'blank.jpg'
259,Snacks,'blank.jpg'
260,Tandoor,'blank.jpg'
261,Breakfast,'blank.jpg'
262,Evening Snacks,'blank.jpg'
263,Bowl,'blank.jpg'
264,Snacks,'blank.jpg'
265,Biryanis,'blank.jpg'
266,Bakery,'blank.jpg'
267,Cold Beverages,'blank.jpg'
268,Combos,'blank.jpg'
269,Dessert,'blank.jpg'
270,Hot Beverages,'blank.jpg'
271,Jar,'blank.jpg'
272,Snacks,'blank.jpg'
273,Fruit Juice,'blank.jpg'
274,Cut Fruits,'blank.jpg'
275,Lassi,'blank.jpg'
276,Non-Veg Main Course,'blank.jpg'
277,Thoughtful Thursday,'blank.jpg'
278,Home Made Nut Milk,'blank.jpg'
279,Mocktail,'blank.jpg'
280,Butter Milk,'blank.jpg'
281,No Boil No Oil,'blank.jpg'
282,Water Bottle,'blank.jpg'
283,Regular Eggs-Order,'blank.jpg'
284,Make Your Own Salad,'blank.jpg'
285,Test,'blank.jpg'
286,Diwali Sweets N/A,'blank.jpg'
287,Festive Delights,'blank.jpg'
288,Christmas Delight,'blank.jpg'
289,Juice,'blank.jpg'
290,Milkshake and others,'blank.jpg'
291,Cut Fruits,'blank.jpg'
292,Juice,'blank.jpg'
293,Cut Fruits,'blank.jpg'
294,Milkshake and Others,'blank.jpg'
295,Main Meal,'blank.jpg'
296,Breakfast,'blank.jpg'
297,Evening Snacks,'blank.jpg'
298,Egg,'blank.jpg'
299,Maggie,'blank.jpg'
300,Dosa,'blank.jpg'
301,Sandwich,'blank.jpg'
302,Health Counter,'blank.jpg'
303,Chaat,'blank.jpg'
304,Tea Counter,'blank.jpg'
305,Meal in Bowl,'blank.jpg'
306,Chinese,'blank.jpg'
307,Boba Tea,'blank.jpg'
308,Cold Beverages,'blank.jpg'
309,Hot Beverages,'blank.jpg'
310,TEA,'blank.jpg'
311,Cookies,'blank.jpg'
312,Brew Food Menu,'blank.jpg'
313,Salad,'blank.jpg'
314,Juice & Fruit,'blank.jpg'
315,Coffee,'blank.jpg'
316,Milk,'blank.jpg'
317,Bread,'blank.jpg'
318,Dinner Menu,'blank.jpg'
319,Seasonal Delights,'blank.jpg'
320,Kitchen Exchange,'blank.jpg'
321,TEST CATEGORY,'blank.jpg'
322,Oriental Meal Lunch,'blank.jpg'
323,Dakshin Snacks ( TC),'blank.jpg'
324,Homemade Ice Cream,'blank.jpg'
325,Test,'blank.jpg'
326,Chicken vepdu,'blank.jpg'
327,South Special,'blank.jpg'
328,REFRESH,'blank.jpg'
329,CHAT,'blank.jpg'
330,Global Recipe,'blank.jpg'
331,Khana Khazana,'blank.jpg'
332,Rejuvenate,'blank.jpg'
333,All day Fresh Menu,'blank.jpg'
334,Milk Shake,'blank.jpg'
335,Fruit bowl,'blank.jpg'
336,Juices,'blank.jpg'
337,Chaat,'blank.jpg'
338,Choix Meal,'blank.jpg'
339,Global Recipe,'blank.jpg'
340,Hotplate,'blank.jpg'
341,Khana Khazana,'blank.jpg'
342,Rejuvenate,'blank.jpg'
343,South Special,'blank.jpg'
344,REFRESH,'blank.jpg'
345,CHAT,'blank.jpg'
346,Global Recipe,'blank.jpg'
347,Khana Khazana,'blank.jpg'
348,Rejuvenate,'blank.jpg'
349,South Special,'blank.jpg'
350,REFRESH,'blank.jpg'
351,CHAT,'blank.jpg'
352,Global Recipe,'blank.jpg'
353,Khana Khazana,'blank.jpg'
354,Rejuvenate,'blank.jpg'
355,South Special,'blank.jpg'
356,REFRESH,'blank.jpg'
357,CHAT,'blank.jpg'
358,Global Recipe,'blank.jpg'
359,Khana Khazana,'blank.jpg'
360,Rejuvenate,'blank.jpg'
361,MEAL,'blank.jpg'
362,SNACKS,'blank.jpg'
363,DOSA,'blank.jpg'
364,EGGS TO ORDER,'blank.jpg'
365,MAGGI,'blank.jpg'
366,MEAL IN BOWL,'blank.jpg'
367,CHAAT,'blank.jpg'
368,CHINESE,'blank.jpg'
369,HEALTHY,'blank.jpg'
370,SANDWICH,'blank.jpg'
371,JUICE,'blank.jpg'
372,MILKSHAKE,'blank.jpg'
373,FRUIT,'blank.jpg'
374,BEVERAGES,'blank.jpg'
375,TEA,'blank.jpg'
376,Khana Khazana A,'blank.jpg'
377,Crust A,'blank.jpg'
378,Rejuvenate A,'blank.jpg'
379,Chaat Cart A,'blank.jpg'
380,REFRESH A,'blank.jpg'
381,Khana Khazana B,'blank.jpg'
382,Crust B,'blank.jpg'
383,Rejuvenate B,'blank.jpg'
384,Chaat Cart B,'blank.jpg'
385,REFRESH B,'blank.jpg'
386,Sourdough Day,'blank.jpg'
