branch_id,hour,order_count
-1,0,0
-1,1,0
-1,2,0
-1,3,0
-1,4,0
-1,5,0
-1,6,0
-1,7,0
-1,8,0
-1,9,0
-1,10,0
-1,11,0
-1,12,0
-1,13,0
-1,14,0
-1,15,0
-1,16,0
-1,17,1
-1,18,0
-1,19,0
-1,20,0
-1,21,0
-1,22,0
-1,23,0
1,0,42835
1,1,47498
1,2,43276
1,3,24352
1,4,14432
1,5,3521
1,6,2885
1,7,14566
1,8,32886
1,9,65605
1,10,84902
1,11,31560
1,12,91238
1,13,275058
1,14,182007
1,15,61139
1,16,255437
1,17,308488
1,18,226628
1,19,64098
1,20,162259
1,21,154563
1,22,127005
1,23,28604
10,0,0
10,1,0
10,2,0
10,3,0
10,4,0
10,5,0
10,6,0
10,7,2
10,8,2096
10,9,3892
10,10,4089
10,11,1022
10,12,4429
10,13,6544
10,14,3885
10,15,1298
10,16,4232
10,17,3602
10,18,3034
10,19,114
10,20,178
10,21,58
10,22,2
10,23,0
11,0,0
11,1,0
11,2,0
11,3,0
11,4,0
11,5,0
11,6,0
11,7,0
11,8,0
11,9,0
11,10,0
11,11,0
11,12,0
11,13,0
11,14,0
11,15,0
11,16,8
11,17,0
11,18,0
11,19,0
11,20,0
11,21,0
11,22,0
11,23,0
2,0,37059
2,1,34064
2,2,25105
2,3,14464
2,4,13506
2,5,12690
2,6,10607
2,7,41234
2,8,57448
2,9,70302
2,10,71862
2,11,49692
2,12,99561
2,13,295634
2,14,225124
2,15,104328
2,16,264536
2,17,292660
2,18,208245
2,19,88822
2,20,166985
2,21,173939
2,22,91312
2,23,31049
3,0,19
3,1,0
3,2,0
3,3,8
3,4,5
3,5,3
3,6,0
3,7,0
3,8,8
3,9,15
3,10,17
3,11,26
3,12,58
3,13,19
3,14,20
3,15,28
3,16,13
3,17,53
3,18,85
3,19,30
3,20,4
3,21,21
3,22,0
3,23,0
4,0,31596
4,1,24738
4,2,19761
4,3,13829
4,4,6006
4,5,2741
4,6,464
4,7,5290
4,8,1786
4,9,13279
4,10,8700
4,11,693
4,12,15082
4,13,17562
4,14,10628
4,15,9676
4,16,29717
4,17,28920
4,18,21373
4,19,20177
4,20,33174
4,21,43994
4,22,50376
4,23,34340
9,0,2004
9,1,1085
9,2,613
9,3,259
9,4,167
9,5,826
9,6,1449
9,7,5376
9,8,11741
9,9,19238
9,10,35694
9,11,23979
9,12,40621
9,13,127317
9,14,64103
9,15,26968
9,16,74118
9,17,86216
9,18,54331
9,19,15318
9,20,28059
9,21,23562
9,22,8673
9,23,1398
