branch_id,hour,order_count,branch_name,time_of_day
-1,0,0,Branch -1,Night / Off-Peak
-1,1,0,Branch -1,Night / Off-Peak
-1,2,0,Branch -1,Night / Off-Peak
-1,3,0,Branch -1,Night / Off-Peak
-1,4,0,Branch -1,Night / Off-Peak
-1,5,0,Branch -1,Night / Off-Peak
-1,6,0,Branch -1,Night / Off-Peak
-1,7,0,Branch -1,Breakfast (7-11)
-1,8,0,Branch -1,Breakfast (7-11)
-1,9,0,Branch -1,Breakfast (7-11)
-1,10,0,Branch -1,Breakfast (7-11)
-1,11,0,Branch -1,Lunch Peak (11-15)
-1,12,0,Branch -1,Lunch Peak (11-15)
-1,13,0,Branch -1,Lunch Peak (11-15)
-1,14,0,Branch -1,Lunch Peak (11-15)
-1,15,0,Branch -1,Snacks / Evening (15-19)
-1,16,0,Branch -1,Snacks / Evening (15-19)
-1,17,1,Branch -1,Snacks / Evening (15-19)
-1,18,0,Branch -1,Snacks / Evening (15-19)
-1,19,0,Branch -1,Night / Off-Peak
-1,20,0,Branch -1,Night / Off-Peak
-1,21,0,Branch -1,Night / Off-Peak
-1,22,0,Branch -1,Night / Off-Peak
-1,23,0,Branch -1,Night / Off-Peak
1,0,42835,Nirlon Knowledge Park,Night / Off-Peak
1,1,47498,Nirlon Knowledge Park,Night / Off-Peak
1,2,43276,Nirlon Knowledge Park,Night / Off-Peak
1,3,24352,Nirlon Knowledge Park,Night / Off-Peak
1,4,14432,Nirlon Knowledge Park,Night / Off-Peak
1,5,3521,Nirlon Knowledge Park,Night / Off-Peak
1,6,2885,Nirlon Knowledge Park,Night / Off-Peak
1,7,14566,Nirlon Knowledge Park,Breakfast (7-11)
1,8,32886,Nirlon Knowledge Park,Breakfast (7-11)
1,9,65605,Nirlon Knowledge Park,Breakfast (7-11)
1,10,84902,Nirlon Knowledge Park,Breakfast (7-11)
1,11,31560,Nirlon Knowledge Park,Lunch Peak (11-15)
1,12,91238,Nirlon Knowledge Park,Lunch Peak (11-15)
1,13,275058,Nirlon Knowledge Park,Lunch Peak (11-15)
1,14,182007,Nirlon Knowledge Park,Lunch Peak (11-15)
1,15,61139,Nirlon Knowledge Park,Snacks / Evening (15-19)
1,16,255437,Nirlon Knowledge Park,Snacks / Evening (15-19)
1,17,308488,Nirlon Knowledge Park,Snacks / Evening (15-19)
1,18,226628,Nirlon Knowledge Park,Snacks / Evening (15-19)
1,19,64098,Nirlon Knowledge Park,Night / Off-Peak
1,20,162259,Nirlon Knowledge Park,Night / Off-Peak
1,21,154563,Nirlon Knowledge Park,Night / Off-Peak
1,22,127005,Nirlon Knowledge Park,Night / Off-Peak
1,23,28604,Nirlon Knowledge Park,Night / Off-Peak
10,0,0,JPMT-Kalina,Night / Off-Peak
10,1,0,JPMT-Kalina,Night / Off-Peak
10,2,0,JPMT-Kalina,Night / Off-Peak
10,3,0,JPMT-Kalina,Night / Off-Peak
10,4,0,JPMT-Kalina,Night / Off-Peak
10,5,0,JPMT-Kalina,Night / Off-Peak
10,6,0,JPMT-Kalina,Night / Off-Peak
10,7,2,JPMT-Kalina,Breakfast (7-11)
10,8,2096,JPMT-Kalina,Breakfast (7-11)
10,9,3892,JPMT-Kalina,Breakfast (7-11)
10,10,4089,JPMT-Kalina,Breakfast (7-11)
10,11,1022,JPMT-Kalina,Lunch Peak (11-15)
10,12,4429,JPMT-Kalina,Lunch Peak (11-15)
10,13,6544,JPMT-Kalina,Lunch Peak (11-15)
10,14,3885,JPMT-Kalina,Lunch Peak (11-15)
10,15,1298,JPMT-Kalina,Snacks / Evening (15-19)
10,16,4232,JPMT-Kalina,Snacks / Evening (15-19)
10,17,3602,JPMT-Kalina,Snacks / Evening (15-19)
10,18,3034,JPMT-Kalina,Snacks / Evening (15-19)
10,19,114,JPMT-Kalina,Night / Off-Peak
10,20,178,JPMT-Kalina,Night / Off-Peak
10,21,58,JPMT-Kalina,Night / Off-Peak
10,22,2,JPMT-Kalina,Night / Off-Peak
10,23,0,JPMT-Kalina,Night / Off-Peak
11,0,0,JPMC ETV- 5,Night / Off-Peak
11,1,0,JPMC ETV- 5,Night / Off-Peak
11,2,0,JPMC ETV- 5,Night / Off-Peak
11,3,0,JPMC ETV- 5,Night / Off-Peak
11,4,0,JPMC ETV- 5,Night / Off-Peak
11,5,0,JPMC ETV- 5,Night / Off-Peak
11,6,0,JPMC ETV- 5,Night / Off-Peak
11,7,0,JPMC ETV- 5,Breakfast (7-11)
11,8,0,JPMC ETV- 5,Breakfast (7-11)
11,9,0,JPMC ETV- 5,Breakfast (7-11)
11,10,0,JPMC ETV- 5,Breakfast (7-11)
11,11,0,JPMC ETV- 5,Lunch Peak (11-15)
11,12,0,JPMC ETV- 5,Lunch Peak (11-15)
11,13,0,JPMC ETV- 5,Lunch Peak (11-15)
11,14,0,JPMC ETV- 5,Lunch Peak (11-15)
11,15,0,JPMC ETV- 5,Snacks / Evening (15-19)
11,16,8,JPMC ETV- 5,Snacks / Evening (15-19)
11,17,0,JPMC ETV- 5,Snacks / Evening (15-19)
11,18,0,JPMC ETV- 5,Snacks / Evening (15-19)
11,19,0,JPMC ETV- 5,Night / Off-Peak
11,20,0,JPMC ETV- 5,Night / Off-Peak
11,21,0,JPMC ETV- 5,Night / Off-Peak
11,22,0,JPMC ETV- 5,Night / Off-Peak
11,23,0,JPMC ETV- 5,Night / Off-Peak
2,0,37059,Embassy Tech Village,Night / Off-Peak
2,1,34064,Embassy Tech Village,Night / Off-Peak
2,2,25105,Embassy Tech Village,Night / Off-Peak
2,3,14464,Embassy Tech Village,Night / Off-Peak
2,4,13506,Embassy Tech Village,Night / Off-Peak
2,5,12690,Embassy Tech Village,Night / Off-Peak
2,6,10607,Embassy Tech Village,Night / Off-Peak
2,7,41234,Embassy Tech Village,Breakfast (7-11)
2,8,57448,Embassy Tech Village,Breakfast (7-11)
2,9,70302,Embassy Tech Village,Breakfast (7-11)
2,10,71862,Embassy Tech Village,Breakfast (7-11)
2,11,49692,Embassy Tech Village,Lunch Peak (11-15)
2,12,99561,Embassy Tech Village,Lunch Peak (11-15)
2,13,295634,Embassy Tech Village,Lunch Peak (11-15)
2,14,225124,Embassy Tech Village,Lunch Peak (11-15)
2,15,104328,Embassy Tech Village,Snacks / Evening (15-19)
2,16,264536,Embassy Tech Village,Snacks / Evening (15-19)
2,17,292660,Embassy Tech Village,Snacks / Evening (15-19)
2,18,208245,Embassy Tech Village,Snacks / Evening (15-19)
2,19,88822,Embassy Tech Village,Night / Off-Peak
2,20,166985,Embassy Tech Village,Night / Off-Peak
2,21,173939,Embassy Tech Village,Night / Off-Peak
2,22,91312,Embassy Tech Village,Night / Off-Peak
2,23,31049,Embassy Tech Village,Night / Off-Peak
3,0,19,KANISHKA CAFE,Night / Off-Peak
3,1,0,KANISHKA CAFE,Night / Off-Peak
3,2,0,KANISHKA CAFE,Night / Off-Peak
3,3,8,KANISHKA CAFE,Night / Off-Peak
3,4,5,KANISHKA CAFE,Night / Off-Peak
3,5,3,KANISHKA CAFE,Night / Off-Peak
3,6,0,KANISHKA CAFE,Night / Off-Peak
3,7,0,KANISHKA CAFE,Breakfast (7-11)
3,8,8,KANISHKA CAFE,Breakfast (7-11)
3,9,15,KANISHKA CAFE,Breakfast (7-11)
3,10,17,KANISHKA CAFE,Breakfast (7-11)
3,11,26,KANISHKA CAFE,Lunch Peak (11-15)
3,12,58,KANISHKA CAFE,Lunch Peak (11-15)
3,13,19,KANISHKA CAFE,Lunch Peak (11-15)
3,14,20,KANISHKA CAFE,Lunch Peak (11-15)
3,15,28,KANISHKA CAFE,Snacks / Evening (15-19)
3,16,13,KANISHKA CAFE,Snacks / Evening (15-19)
3,17,53,KANISHKA CAFE,Snacks / Evening (15-19)
3,18,85,KANISHKA CAFE,Snacks / Evening (15-19)
3,19,30,KANISHKA CAFE,Night / Off-Peak
3,20,4,KANISHKA CAFE,Night / Off-Peak
3,21,21,KANISHKA CAFE,Night / Off-Peak
3,22,0,KANISHKA CAFE,Night / Off-Peak
3,23,0,KANISHKA CAFE,Night / Off-Peak
4,0,31596,Magnus Tower,Night / Off-Peak
4,1,24738,Magnus Tower,Night / Off-Peak
4,2,19761,Magnus Tower,Night / Off-Peak
4,3,13829,Magnus Tower,Night / Off-Peak
4,4,6006,Magnus Tower,Night / Off-Peak
4,5,2741,Magnus Tower,Night / Off-Peak
4,6,464,Magnus Tower,Night / Off-Peak
4,7,5290,Magnus Tower,Breakfast (7-11)
4,8,1786,Magnus Tower,Breakfast (7-11)
4,9,13279,Magnus Tower,Breakfast (7-11)
4,10,8700,Magnus Tower,Breakfast (7-11)
4,11,693,Magnus Tower,Lunch Peak (11-15)
4,12,15082,Magnus Tower,Lunch Peak (11-15)
4,13,17562,Magnus Tower,Lunch Peak (11-15)
4,14,10628,Magnus Tower,Lunch Peak (11-15)
4,15,9676,Magnus Tower,Snacks / Evening (15-19)
4,16,29717,Magnus Tower,Snacks / Evening (15-19)
4,17,28920,Magnus Tower,Snacks / Evening (15-19)
4,18,21373,Magnus Tower,Snacks / Evening (15-19)
4,19,20177,Magnus Tower,Night / Off-Peak
4,20,33174,Magnus Tower,Night / Off-Peak
4,21,43994,Magnus Tower,Night / Off-Peak
4,22,50376,Magnus Tower,Night / Off-Peak
4,23,34340,Magnus Tower,Night / Off-Peak
9,0,2004,Magma,Night / Off-Peak
9,1,1085,Magma,Night / Off-Peak
9,2,613,Magma,Night / Off-Peak
9,3,259,Magma,Night / Off-Peak
9,4,167,Magma,Night / Off-Peak
9,5,826,Magma,Night / Off-Peak
9,6,1449,Magma,Night / Off-Peak
9,7,5376,Magma,Breakfast (7-11)
9,8,11741,Magma,Breakfast (7-11)
9,9,19238,Magma,Breakfast (7-11)
9,10,35694,Magma,Breakfast (7-11)
9,11,23979,Magma,Lunch Peak (11-15)
9,12,40621,Magma,Lunch Peak (11-15)
9,13,127317,Magma,Lunch Peak (11-15)
9,14,64103,Magma,Lunch Peak (11-15)
9,15,26968,Magma,Snacks / Evening (15-19)
9,16,74118,Magma,Snacks / Evening (15-19)
9,17,86216,Magma,Snacks / Evening (15-19)
9,18,54331,Magma,Snacks / Evening (15-19)
9,19,15318,Magma,Night / Off-Peak
9,20,28059,Magma,Night / Off-Peak
9,21,23562,Magma,Night / Off-Peak
9,22,8673,Magma,Night / Off-Peak
9,23,1398,Magma,Night / Off-Peak
