date,branch_id,branch_name,day_name,is_weekend,total_orders,paid_orders,cancelled_orders,total_revenue,avg_order_value,pos_orders,app_orders,sok_orders,unique_customers,data_type,forecast_orders,lower_bound_95,upper_bound_95
2024-04-01,1,Nirlon Knowledge Park,Monday,0,7516,7516,0,519553.0,69.13,2276,2185,3055,1292,Actual,7516,7516,7516
2024-04-02,1,Nirlon Knowledge Park,Tuesday,0,9145,9145,0,623721.0,68.2,2650,2625,3870,1573,Actual,9145,9145,9145
2024-04-03,1,Nirlon Knowledge Park,Wednesday,0,8914,8914,0,628260.75,70.48,2713,2358,3843,1488,Actual,8914,8914,8914
2024-04-04,1,Nirlon Knowledge Park,Thursday,0,8881,8881,0,611454.75,68.85,2562,2622,3697,1582,Actual,8881,8881,8881
2024-04-05,1,Nirlon Knowledge Park,Friday,0,7800,7800,0,557779.05,71.51,2506,1885,3409,1251,Actual,7800,7800,7800
2024-04-06,1,Nirlon Knowledge Park,Saturday,1,923,923,0,48496.0,52.54,356,80,487,74,Actual,923,923,923
2024-04-07,1,Nirlon Knowledge Park,Sunday,1,386,386,0,20605.0,53.38,188,32,166,34,Actual,386,386,386
2024-04-08,1,Nirlon Knowledge Park,Monday,0,8391,8391,0,593628.75,70.75,2531,2416,3444,1487,Actual,8391,8391,8391
2024-04-09,1,Nirlon Knowledge Park,Tuesday,0,3082,3082,0,186514.45,60.52,1062,619,1401,419,Actual,3082,3082,3082
2024-04-10,1,Nirlon Knowledge Park,Wednesday,0,8489,8489,0,594628.2,70.05,2570,2369,3550,1490,Actual,8489,8489,8489
2024-04-11,1,Nirlon Knowledge Park,Thursday,0,3240,3240,0,199239.75,61.49,1438,579,1223,392,Actual,3240,3240,3240
2024-04-12,1,Nirlon Knowledge Park,Friday,0,7338,7338,0,516031.7,70.32,2318,2022,2998,1205,Actual,7338,7338,7338
2024-04-13,1,Nirlon Knowledge Park,Saturday,1,894,894,0,48241.0,53.96,381,98,415,70,Actual,894,894,894
2024-04-14,1,Nirlon Knowledge Park,Sunday,1,369,369,0,18730.0,50.76,207,16,146,23,Actual,369,369,369
2024-04-15,1,Nirlon Knowledge Park,Monday,0,8786,8786,0,618928.85,70.44,2435,2877,3474,1589,Actual,8786,8786,8786
2024-04-16,1,Nirlon Knowledge Park,Tuesday,0,9524,9524,0,700599.0,73.56,2766,2940,3818,1644,Actual,9524,9524,9524
2024-04-17,1,Nirlon Knowledge Park,Wednesday,0,8748,8748,0,624760.75,71.42,2918,1874,3956,1156,Actual,8748,8748,8748
2024-04-18,1,Nirlon Knowledge Park,Thursday,0,9323,9323,0,665946.4,71.43,2878,2635,3810,1544,Actual,9323,9323,9323
2024-04-19,1,Nirlon Knowledge Park,Friday,0,8474,8474,0,611113.7,72.12,2542,2569,3363,1377,Actual,8474,8474,8474
2024-04-20,1,Nirlon Knowledge Park,Saturday,1,919,919,0,49814.0,54.2,372,99,448,81,Actual,919,919,919
2024-04-21,1,Nirlon Knowledge Park,Sunday,1,384,384,0,18800.0,48.96,202,30,152,27,Actual,384,384,384
2024-04-22,1,Nirlon Knowledge Park,Monday,0,8932,8932,0,623729.6,69.83,2534,2943,3455,1647,Actual,8932,8932,8932
2024-04-23,1,Nirlon Knowledge Park,Tuesday,0,9919,9919,0,694108.35,69.98,2622,3221,4076,1721,Actual,9919,9919,9919
2024-04-24,1,Nirlon Knowledge Park,Wednesday,0,10339,10339,0,828897.1,80.17,2918,3339,4082,1844,Actual,10339,10339,10339
2024-04-25,1,Nirlon Knowledge Park,Thursday,0,9214,9214,0,660243.65,71.66,2647,2802,3765,1623,Actual,9214,9214,9214
2024-04-26,1,Nirlon Knowledge Park,Friday,0,8317,8317,0,614945.8,73.94,2483,2307,3527,1368,Actual,8317,8317,8317
2024-04-27,1,Nirlon Knowledge Park,Saturday,1,845,845,0,48294.0,57.15,307,101,437,92,Actual,845,845,845
2024-04-28,1,Nirlon Knowledge Park,Sunday,1,384,384,0,20630.0,53.72,190,37,157,34,Actual,384,384,384
2024-04-29,1,Nirlon Knowledge Park,Monday,0,8835,8835,0,619043.4,70.07,2528,2699,3608,1577,Actual,8835,8835,8835
2024-04-30,1,Nirlon Knowledge Park,Tuesday,0,9255,9255,0,664680.0,71.82,2481,2918,3856,1661,Actual,9255,9255,9255
2024-05-01,1,Nirlon Knowledge Park,Wednesday,0,3317,3317,0,201997.25,60.9,1024,782,1511,472,Actual,3317,3317,3317
2024-05-02,1,Nirlon Knowledge Park,Thursday,0,9589,9589,0,676543.5,70.55,2629,2905,4055,1666,Actual,9589,9589,9589
2024-05-03,1,Nirlon Knowledge Park,Friday,0,6561,6561,0,509074.55,77.59,1941,1834,2786,1130,Actual,6561,6561,6561
2024-05-04,1,Nirlon Knowledge Park,Saturday,1,797,797,0,44004.0,55.21,303,100,394,88,Actual,797,797,797
2024-05-05,1,Nirlon Knowledge Park,Sunday,1,313,313,0,15544.0,49.66,138,32,143,35,Actual,313,313,313
2024-05-06,1,Nirlon Knowledge Park,Monday,0,9712,9712,0,676021.4,69.61,2510,3591,3611,1691,Actual,9712,9712,9712
2024-05-07,1,Nirlon Knowledge Park,Tuesday,0,9818,9818,0,672283.3,68.47,2543,3262,4013,1811,Actual,9818,9818,9818
2024-05-08,1,Nirlon Knowledge Park,Wednesday,0,9871,9871,0,706456.95,71.57,2695,3063,4113,1771,Actual,9871,9871,9871
2024-05-09,1,Nirlon Knowledge Park,Thursday,0,9432,9432,0,649640.7,68.88,2663,3000,3769,1723,Actual,9432,9432,9432
2024-05-10,1,Nirlon Knowledge Park,Friday,0,7932,7932,0,576521.25,72.68,2246,2309,3377,1323,Actual,7932,7932,7932
2024-05-11,1,Nirlon Knowledge Park,Saturday,1,1109,1109,0,64788.0,58.42,464,109,536,90,Actual,1109,1109,1109
2024-05-12,1,Nirlon Knowledge Park,Sunday,1,257,257,0,14040.0,54.63,112,35,110,33,Actual,257,257,257
2024-05-13,1,Nirlon Knowledge Park,Monday,0,8932,8932,0,617009.0,69.08,2684,2833,3415,1630,Actual,8932,8932,8932
2024-05-14,1,Nirlon Knowledge Park,Tuesday,0,9608,9608,0,683496.1,71.14,2466,3081,4061,1770,Actual,9608,9608,9608
2024-05-15,1,Nirlon Knowledge Park,Wednesday,0,9706,9706,0,694948.5,71.6,2318,3230,4158,1828,Actual,9706,9706,9706
2024-05-16,1,Nirlon Knowledge Park,Thursday,0,9732,9732,0,702546.6,72.19,2205,3209,4318,1823,Actual,9732,9732,9732
2024-05-17,1,Nirlon Knowledge Park,Friday,0,8060,8060,0,591531.7,73.39,2015,2434,3611,1406,Actual,8060,8060,8060
2024-05-18,1,Nirlon Knowledge Park,Saturday,1,918,918,0,52087.0,56.74,278,121,519,105,Actual,918,918,918
2024-05-19,1,Nirlon Knowledge Park,Sunday,1,450,450,0,23125.0,51.39,211,71,168,41,Actual,450,450,450
2024-05-20,1,Nirlon Knowledge Park,Monday,0,96,96,0,4730.0,49.27,30,11,55,17,Actual,96,96,96
2024-05-21,1,Nirlon Knowledge Park,Tuesday,0,9272,9272,0,671928.0,72.47,2147,3081,4044,1771,Actual,9272,9272,9272
2024-05-22,1,Nirlon Knowledge Park,Wednesday,0,9905,9905,0,718882.9,72.58,2316,3316,4273,1912,Actual,9905,9905,9905
2024-05-23,1,Nirlon Knowledge Park,Thursday,0,9381,9381,0,892733.2,95.16,2407,2867,4107,1706,Actual,9381,9381,9381
2024-05-24,1,Nirlon Knowledge Park,Friday,0,8621,8621,0,642167.2,74.49,2182,2676,3763,1559,Actual,8621,8621,8621
2024-05-25,1,Nirlon Knowledge Park,Saturday,1,870,870,0,52889.0,60.79,292,142,436,110,Actual,870,870,870
2024-05-26,1,Nirlon Knowledge Park,Sunday,1,367,367,0,19258.0,52.47,174,58,135,48,Actual,367,367,367
2024-05-27,1,Nirlon Knowledge Park,Monday,0,7594,7594,0,542130.5,71.39,1868,2489,3237,1452,Actual,7594,7594,7594
2024-05-28,1,Nirlon Knowledge Park,Tuesday,0,11511,11511,0,823565.4,71.55,3672,4060,3779,2141,Actual,11511,11511,11511
2024-05-29,1,Nirlon Knowledge Park,Wednesday,0,10621,10621,0,793408.35,74.7,3649,3888,3084,2173,Actual,10621,10621,10621
2024-05-30,1,Nirlon Knowledge Park,Thursday,0,9962,9962,0,721361.15,72.41,3264,3659,3039,2058,Actual,9962,9962,9962
2024-05-31,1,Nirlon Knowledge Park,Friday,0,8279,8279,0,625645.0,75.57,2392,2378,3509,1451,Actual,8279,8279,8279
2024-06-01,1,Nirlon Knowledge Park,Saturday,1,980,980,0,54130.45,55.24,331,134,515,103,Actual,980,980,980
2024-06-02,1,Nirlon Knowledge Park,Sunday,1,356,356,0,18868.0,53.0,165,61,130,41,Actual,356,356,356
2024-06-03,1,Nirlon Knowledge Park,Monday,0,8874,8874,0,623179.0,70.23,2124,3177,3573,1829,Actual,8874,8874,8874
2024-06-04,1,Nirlon Knowledge Park,Tuesday,0,8841,8841,0,644367.85,72.88,2302,2869,3670,1617,Actual,8841,8841,8841
2024-06-05,1,Nirlon Knowledge Park,Wednesday,0,10662,10662,0,779117.6,73.07,2862,3686,4114,2139,Actual,10662,10662,10662
2024-06-06,1,Nirlon Knowledge Park,Thursday,0,10594,10594,0,749234.0,70.72,2878,3580,4136,2061,Actual,10594,10594,10594
2024-06-07,1,Nirlon Knowledge Park,Friday,0,8731,8731,0,634522.25,72.67,2462,2721,3548,1627,Actual,8731,8731,8731
2024-06-08,1,Nirlon Knowledge Park,Saturday,1,1062,1062,0,60246.0,56.73,363,196,503,121,Actual,1062,1062,1062
2024-06-09,1,Nirlon Knowledge Park,Sunday,1,414,414,0,23935.0,57.81,174,71,169,45,Actual,414,414,414
2024-06-10,1,Nirlon Knowledge Park,Monday,0,8749,8749,0,615064.45,70.3,2559,2597,3593,1631,Actual,8749,8749,8749
2024-06-11,1,Nirlon Knowledge Park,Tuesday,0,9882,9882,0,686865.1,69.51,2874,2910,4098,1815,Actual,9882,9882,9882
2024-06-12,1,Nirlon Knowledge Park,Wednesday,0,9949,9949,0,714868.4,71.85,2826,3189,3934,1971,Actual,9949,9949,9949
2024-06-13,1,Nirlon Knowledge Park,Thursday,0,9890,9890,0,706729.25,71.46,2724,3295,3871,2001,Actual,9890,9890,9890
2024-06-14,1,Nirlon Knowledge Park,Friday,0,8097,8097,0,599547.45,74.05,2406,2362,3329,1493,Actual,8097,8097,8097
2024-06-15,1,Nirlon Knowledge Park,Saturday,1,1094,1094,0,67490.75,61.69,402,168,524,121,Actual,1094,1094,1094
2024-06-16,1,Nirlon Knowledge Park,Sunday,1,430,430,0,23700.0,55.12,233,40,157,40,Actual,430,430,430
2024-06-17,1,Nirlon Knowledge Park,Monday,0,8233,8233,0,568329.0,69.03,1978,2875,3380,1758,Actual,8233,8233,8233
2024-06-18,1,Nirlon Knowledge Park,Tuesday,0,10031,10031,0,685160.75,68.3,2618,3474,3939,2065,Actual,10031,10031,10031
2024-06-19,1,Nirlon Knowledge Park,Wednesday,0,8722,8722,0,621306.5,71.23,2491,2765,3466,1675,Actual,8722,8722,8722
2024-06-20,1,Nirlon Knowledge Park,Thursday,0,11109,11109,0,812567.6,73.14,3277,3480,4352,2158,Actual,11109,11109,11109
2024-06-21,1,Nirlon Knowledge Park,Friday,0,9081,9081,0,654121.85,72.03,3498,3290,2293,1997,Actual,9081,9081,9081
2024-06-22,1,Nirlon Knowledge Park,Saturday,1,816,816,0,46551.0,57.05,312,132,372,112,Actual,816,816,816
2024-06-23,1,Nirlon Knowledge Park,Sunday,1,150,150,0,9565.0,63.77,71,19,60,21,Actual,150,150,150
2024-06-24,1,Nirlon Knowledge Park,Monday,0,8821,8821,0,603921.3,68.46,2285,3251,3285,1974,Actual,8821,8821,8821
2024-06-25,1,Nirlon Knowledge Park,Tuesday,0,9774,9774,0,669044.7,68.45,2433,3565,3776,2176,Actual,9774,9774,9774
2024-06-26,1,Nirlon Knowledge Park,Wednesday,0,9986,9986,0,708900.0,70.99,2420,3664,3902,2226,Actual,9986,9986,9986
2024-06-27,1,Nirlon Knowledge Park,Thursday,0,9540,9540,0,675693.45,70.83,2807,3285,3448,2015,Actual,9540,9540,9540
2024-06-28,1,Nirlon Knowledge Park,Friday,0,8154,8154,0,595299.3,73.01,2357,2704,3093,1679,Actual,8154,8154,8154
2024-06-29,1,Nirlon Knowledge Park,Saturday,1,1155,1155,0,63022.0,54.56,407,214,534,162,Actual,1155,1155,1155
2024-06-30,1,Nirlon Knowledge Park,Sunday,1,331,331,0,18794.75,56.78,121,71,139,55,Actual,331,331,331
2024-07-01,1,Nirlon Knowledge Park,Monday,0,8723,8723,0,600430.5,68.83,1796,3343,3584,2060,Actual,8723,8723,8723
2024-07-02,1,Nirlon Knowledge Park,Tuesday,0,10090,10090,0,684107.5,67.8,2012,3886,4192,2326,Actual,10090,10090,10090
2024-07-03,1,Nirlon Knowledge Park,Wednesday,0,10149,10149,0,699123.25,68.89,2114,3953,4082,2393,Actual,10149,10149,10149
2024-07-04,1,Nirlon Knowledge Park,Thursday,0,8996,8996,0,631356.5,70.18,1977,3334,3685,2021,Actual,8996,8996,8996
2024-07-05,1,Nirlon Knowledge Park,Friday,0,8435,8435,0,609065.25,72.21,1957,3011,3467,1830,Actual,8435,8435,8435
2024-07-06,1,Nirlon Knowledge Park,Saturday,1,1260,1260,0,67383.0,53.48,361,246,653,178,Actual,1260,1260,1260
2024-07-07,1,Nirlon Knowledge Park,Sunday,1,413,413,0,23162.0,56.08,117,73,223,52,Actual,413,413,413
2024-07-08,1,Nirlon Knowledge Park,Monday,0,8054,8054,0,541327.9,67.21,1781,3041,3232,1816,Actual,8054,8054,8054
2024-07-09,1,Nirlon Knowledge Park,Tuesday,0,9282,9282,0,628214.6,67.68,1901,3742,3639,2242,Actual,9282,9282,9282
2024-07-10,1,Nirlon Knowledge Park,Wednesday,0,10040,10040,0,726023.3,72.31,2121,4064,3855,2485,Actual,10040,10040,10040
2024-07-11,1,Nirlon Knowledge Park,Thursday,0,9871,9871,0,1466206.5,148.54,2177,4242,3452,2483,Actual,9871,9871,9871
2024-07-12,1,Nirlon Knowledge Park,Friday,0,8152,8152,0,928264.2,113.87,1956,3173,3023,1941,Actual,8152,8152,8152
2024-07-13,1,Nirlon Knowledge Park,Saturday,1,1090,1090,0,58552.9,53.72,313,296,481,186,Actual,1090,1090,1090
2024-07-14,1,Nirlon Knowledge Park,Sunday,1,379,379,0,20811.0,54.91,138,76,165,58,Actual,379,379,379
2024-07-15,1,Nirlon Knowledge Park,Monday,0,8732,8732,0,598341.5,68.52,1834,3809,3089,2252,Actual,8732,8732,8732
2024-07-16,1,Nirlon Knowledge Park,Tuesday,0,10131,10131,0,693847.05,68.49,2071,4517,3543,2694,Actual,10131,10131,10131
2024-07-17,1,Nirlon Knowledge Park,Wednesday,0,9714,9714,0,663779.95,68.33,2077,4453,3184,2575,Actual,9714,9714,9714
2024-07-18,1,Nirlon Knowledge Park,Thursday,0,9729,9729,0,702291.2,72.19,2039,4286,3404,2589,Actual,9729,9729,9729
2024-07-19,1,Nirlon Knowledge Park,Friday,0,8466,8466,0,622514.0,73.53,2252,3718,2496,2165,Actual,8466,8466,8466
2024-07-20,1,Nirlon Knowledge Park,Saturday,1,1209,1209,0,69689.0,57.64,558,457,194,291,Actual,1209,1209,1209
2024-07-21,1,Nirlon Knowledge Park,Sunday,1,449,449,0,25756.55,57.36,189,137,123,95,Actual,449,449,449
2024-07-22,1,Nirlon Knowledge Park,Monday,0,8469,8469,0,575972.25,68.01,1745,3916,2808,2304,Actual,8469,8469,8469
2024-07-23,1,Nirlon Knowledge Park,Tuesday,0,10263,10263,0,703671.25,68.56,2152,4624,3487,2774,Actual,10263,10263,10263
2024-07-24,1,Nirlon Knowledge Park,Wednesday,0,9873,9873,0,773182.45,78.31,2036,4618,3219,2759,Actual,9873,9873,9873
2024-07-25,1,Nirlon Knowledge Park,Thursday,0,7977,7977,0,559519.95,70.14,1884,3536,2557,2106,Actual,7977,7977,7977
2024-07-26,1,Nirlon Knowledge Park,Friday,0,8375,8375,0,599282.55,71.56,1838,3688,2849,2203,Actual,8375,8375,8375
2024-07-27,1,Nirlon Knowledge Park,Saturday,1,1075,1075,0,59001.5,54.89,321,316,438,235,Actual,1075,1075,1075
2024-07-28,1,Nirlon Knowledge Park,Sunday,1,327,327,0,19838.0,60.67,93,105,129,79,Actual,327,327,327
2024-07-29,1,Nirlon Knowledge Park,Monday,0,9228,9228,0,617667.95,66.93,1915,4284,3029,2605,Actual,9228,9228,9228
2024-07-30,1,Nirlon Knowledge Park,Tuesday,0,9848,9848,0,680709.75,69.12,2190,4216,3442,2653,Actual,9848,9848,9848
2024-07-31,1,Nirlon Knowledge Park,Wednesday,0,9714,9714,0,665997.2,68.56,2111,4343,3260,2636,Actual,9714,9714,9714
2024-08-01,1,Nirlon Knowledge Park,Thursday,0,10217,10217,0,701543.4,68.66,2107,4780,3330,2767,Actual,10217,10217,10217
2024-08-02,1,Nirlon Knowledge Park,Friday,0,8690,8690,0,624762.95,71.89,1980,3835,2875,2291,Actual,8690,8690,8690
2024-08-03,1,Nirlon Knowledge Park,Saturday,1,1077,1077,0,59114.0,54.89,333,261,483,193,Actual,1077,1077,1077
2024-08-04,1,Nirlon Knowledge Park,Sunday,1,502,502,0,29109.45,57.99,172,141,189,97,Actual,502,502,502
2024-08-05,1,Nirlon Knowledge Park,Monday,0,8938,8938,0,610460.95,68.3,1807,4183,2948,2446,Actual,8938,8938,8938
2024-08-06,1,Nirlon Knowledge Park,Tuesday,0,9802,9802,0,686532.95,70.04,2089,4498,3215,2659,Actual,9802,9802,9802
2024-08-07,1,Nirlon Knowledge Park,Wednesday,0,10932,10932,0,1093849.25,100.06,2037,5640,3255,3137,Actual,10932,10932,10932
2024-08-08,1,Nirlon Knowledge Park,Thursday,0,10348,10348,0,1340999.7,129.59,2062,5123,3163,2926,Actual,10348,10348,10348
2024-08-09,1,Nirlon Knowledge Park,Friday,0,8446,8446,0,624211.35,73.91,1627,3905,2914,2366,Actual,8446,8446,8446
2024-08-10,1,Nirlon Knowledge Park,Saturday,1,1023,1023,0,55620.7,54.37,256,382,385,257,Actual,1023,1023,1023
2024-08-11,1,Nirlon Knowledge Park,Sunday,1,339,339,0,18460.0,54.45,90,98,151,80,Actual,339,339,339
2024-08-12,1,Nirlon Knowledge Park,Monday,0,9067,9067,0,603113.0,66.52,1739,4473,2855,2722,Actual,9067,9067,9067
2024-08-13,1,Nirlon Knowledge Park,Tuesday,0,9931,9931,0,657349.3,66.19,1827,4866,3238,2916,Actual,9931,9931,9931
2024-08-14,1,Nirlon Knowledge Park,Wednesday,0,9025,9025,0,633066.2,70.15,1763,4223,3039,2618,Actual,9025,9025,9025
2024-08-15,1,Nirlon Knowledge Park,Thursday,0,3017,3017,0,173513.75,57.51,683,1160,1174,737,Actual,3017,3017,3017
2024-08-16,1,Nirlon Knowledge Park,Friday,0,6359,6359,0,442649.35,69.61,1325,2890,2144,1788,Actual,6359,6359,6359
2024-08-17,1,Nirlon Knowledge Park,Saturday,1,963,963,0,50853.0,52.81,256,266,441,206,Actual,963,963,963
2024-08-18,1,Nirlon Knowledge Park,Sunday,1,357,357,0,18653.0,52.25,131,135,91,97,Actual,357,357,357
2024-08-19,1,Nirlon Knowledge Park,Monday,0,6107,6107,0,459578.35,75.25,1233,2761,2113,1728,Actual,6107,6107,6107
2024-08-20,1,Nirlon Knowledge Park,Tuesday,0,9457,9457,0,687963.3,72.75,1818,4759,2880,2836,Actual,9457,9457,9457
2024-08-21,1,Nirlon Knowledge Park,Wednesday,0,9767,9767,0,724750.85,74.2,1961,4732,3074,2872,Actual,9767,9767,9767
2024-08-22,1,Nirlon Knowledge Park,Thursday,0,9648,9648,0,777377.45,80.57,1933,4472,3243,2737,Actual,9648,9648,9648
2024-08-23,1,Nirlon Knowledge Park,Friday,0,8827,8827,0,625343.0,70.84,1794,4266,2767,2563,Actual,8827,8827,8827
2024-08-24,1,Nirlon Knowledge Park,Saturday,1,1045,1045,0,55898.0,53.49,276,395,374,258,Actual,1045,1045,1045
2024-08-25,1,Nirlon Knowledge Park,Sunday,1,376,376,0,20206.0,53.74,110,135,131,89,Actual,376,376,376
2024-08-26,1,Nirlon Knowledge Park,Monday,0,8037,8037,0,529413.45,65.87,1587,3906,2544,2430,Actual,8037,8037,8037
2024-08-27,1,Nirlon Knowledge Park,Tuesday,0,9142,9142,0,623583.5,68.21,1674,4576,2892,2766,Actual,9142,9142,9142
2024-08-28,1,Nirlon Knowledge Park,Wednesday,0,9771,9771,0,683366.5,69.94,1804,4923,3044,2964,Actual,9771,9771,9771
2024-08-29,1,Nirlon Knowledge Park,Thursday,0,9506,9506,0,660726.0,69.51,1830,4566,3110,2813,Actual,9506,9506,9506
2024-08-30,1,Nirlon Knowledge Park,Friday,0,8489,8489,0,615438.5,72.5,1662,4122,2705,2533,Actual,8489,8489,8489
2024-08-31,1,Nirlon Knowledge Park,Saturday,1,999,999,0,52947.0,53.0,243,357,399,251,Actual,999,999,999
2024-09-01,1,Nirlon Knowledge Park,Sunday,1,355,355,0,18255.0,51.42,80,126,149,99,Actual,355,355,355
2024-09-02,1,Nirlon Knowledge Park,Monday,0,8227,8227,0,554480.2,67.4,1560,4079,2588,2457,Actual,8227,8227,8227
2024-09-03,1,Nirlon Knowledge Park,Tuesday,0,10045,10045,0,679797.75,67.68,1762,5190,3093,3064,Actual,10045,10045,10045
2024-09-04,1,Nirlon Knowledge Park,Wednesday,0,10213,10213,0,722827.3,70.78,1723,5241,3249,3133,Actual,10213,10213,10213
2024-09-05,1,Nirlon Knowledge Park,Thursday,0,10012,10012,0,696119.8,69.53,1652,5300,3060,3016,Actual,10012,10012,10012
2024-09-06,1,Nirlon Knowledge Park,Friday,0,7440,7440,0,532025.3,71.51,1439,3516,2485,2122,Actual,7440,7440,7440
2024-09-07,1,Nirlon Knowledge Park,Saturday,1,979,979,0,52218.0,53.34,236,367,376,262,Actual,979,979,979
2024-09-08,1,Nirlon Knowledge Park,Sunday,1,379,379,0,18673.25,49.27,107,141,131,95,Actual,379,379,379
2024-09-09,1,Nirlon Knowledge Park,Monday,0,8160,8160,0,595245.4,72.95,1596,4029,2535,2480,Actual,8160,8160,8160
2024-09-10,1,Nirlon Knowledge Park,Tuesday,0,8431,8431,0,618649.3,73.38,1600,4391,2440,2704,Actual,8431,8431,8431
2024-09-11,1,Nirlon Knowledge Park,Wednesday,0,8438,8438,0,585783.65,69.42,1622,4295,2521,2660,Actual,8438,8438,8438
2024-09-12,1,Nirlon Knowledge Park,Thursday,0,8837,8837,0,642437.8,72.7,1716,4500,2621,2619,Actual,8837,8837,8837
2024-09-13,1,Nirlon Knowledge Park,Friday,0,8029,8029,0,579277.6,72.15,1658,4070,2301,2418,Actual,8029,8029,8029
2024-09-14,1,Nirlon Knowledge Park,Saturday,1,793,793,0,41890.0,52.82,209,306,278,232,Actual,793,793,793
2024-09-15,1,Nirlon Knowledge Park,Sunday,1,488,488,0,25091.75,51.42,123,182,183,121,Actual,488,488,488
2024-09-16,1,Nirlon Knowledge Park,Monday,0,8846,8846,0,600910.95,67.93,1558,4686,2602,2856,Actual,8846,8846,8846
2024-09-17,1,Nirlon Knowledge Park,Tuesday,0,8214,8214,0,556493.5,67.75,1502,4114,2598,2388,Actual,8214,8214,8214
2024-09-18,1,Nirlon Knowledge Park,Wednesday,0,10219,10219,0,703996.9,68.89,1721,5430,3068,3201,Actual,10219,10219,10219
2024-09-19,1,Nirlon Knowledge Park,Thursday,0,10167,10167,0,712385.3,70.07,1879,5287,3001,3198,Actual,10167,10167,10167
2024-09-20,1,Nirlon Knowledge Park,Friday,0,9258,9258,0,653506.05,70.59,1824,4750,2684,2794,Actual,9258,9258,9258
2024-09-21,1,Nirlon Knowledge Park,Saturday,1,1048,1048,0,54735.0,52.23,250,404,394,291,Actual,1048,1048,1048
2024-09-22,1,Nirlon Knowledge Park,Sunday,1,418,418,0,21532.0,51.51,129,144,145,111,Actual,418,418,418
2024-09-23,1,Nirlon Knowledge Park,Monday,0,9140,9140,0,682483.35,74.67,1687,4752,2701,2899,Actual,9140,9140,9140
2024-09-24,1,Nirlon Knowledge Park,Tuesday,0,10377,10377,0,719551.4,69.34,2012,5289,3076,3147,Actual,10377,10377,10377
2024-09-25,1,Nirlon Knowledge Park,Wednesday,0,10516,10516,0,760517.6,72.32,2055,5354,3107,3179,Actual,10516,10516,10516
2024-09-26,1,Nirlon Knowledge Park,Thursday,0,8158,8158,0,571478.45,70.05,1577,4027,2554,2417,Actual,8158,8158,8158
2024-09-27,1,Nirlon Knowledge Park,Friday,0,8426,8426,0,614512.95,72.93,1648,4341,2437,2558,Actual,8426,8426,8426
2024-09-28,1,Nirlon Knowledge Park,Saturday,1,1042,1042,0,56363.0,54.09,224,429,389,309,Actual,1042,1042,1042
2024-09-29,1,Nirlon Knowledge Park,Sunday,1,343,343,0,18506.0,53.95,101,135,107,101,Actual,343,343,343
2024-09-30,1,Nirlon Knowledge Park,Monday,0,8996,8996,0,641033.5,71.26,1677,4742,2577,2924,Actual,8996,8996,8996
2024-10-01,1,Nirlon Knowledge Park,Tuesday,0,10188,10188,0,712356.1,69.92,1774,5484,2930,3225,Actual,10188,10188,10188
2024-10-02,1,Nirlon Knowledge Park,Wednesday,0,3765,3765,0,232665.2,61.8,747,1820,1198,1116,Actual,3765,3765,3765
2024-10-03,1,Nirlon Knowledge Park,Thursday,0,10042,10042,0,677087.0,67.43,1786,5370,2886,3172,Actual,10042,10042,10042
2024-10-04,1,Nirlon Knowledge Park,Friday,0,9171,9171,0,642538.25,70.06,1684,4786,2701,2810,Actual,9171,9171,9171
2024-10-05,1,Nirlon Knowledge Park,Saturday,1,650,650,0,36632.0,56.36,101,365,184,259,Actual,650,650,650
2024-10-06,1,Nirlon Knowledge Park,Sunday,1,8,8,0,100.0,12.5,0,4,4,7,Actual,8,8,8
2024-10-07,1,Nirlon Knowledge Park,Monday,0,9067,9067,0,654740.25,72.21,1549,4961,2557,2960,Actual,9067,9067,9067
2024-10-08,1,Nirlon Knowledge Park,Tuesday,0,10181,10181,0,692566.3,68.03,1907,5701,2573,3420,Actual,10181,10181,10181
2024-10-09,1,Nirlon Knowledge Park,Wednesday,0,10805,10805,0,749666.4,69.38,1859,5962,2984,3522,Actual,10805,10805,10805
2024-10-10,1,Nirlon Knowledge Park,Thursday,0,9790,9790,0,696172.65,71.11,1759,5236,2795,3093,Actual,9790,9790,9790
2024-10-11,1,Nirlon Knowledge Park,Friday,0,7683,7683,0,544869.05,70.92,1500,3835,2348,2340,Actual,7683,7683,7683
2024-10-12,1,Nirlon Knowledge Park,Saturday,1,925,925,0,50581.0,54.68,148,412,365,308,Actual,925,925,925
2024-10-13,1,Nirlon Knowledge Park,Sunday,1,404,404,0,21500.0,53.22,111,172,121,108,Actual,404,404,404
2024-10-14,1,Nirlon Knowledge Park,Monday,0,9004,9004,0,611216.75,67.88,1541,4907,2556,2989,Actual,9004,9004,9004
2024-10-15,1,Nirlon Knowledge Park,Tuesday,0,10410,10410,0,722011.9,69.36,1781,5715,2914,3404,Actual,10410,10410,10410
2024-10-16,1,Nirlon Knowledge Park,Wednesday,0,9774,9774,0,800472.4,81.9,1629,5329,2816,3304,Actual,9774,9774,9774
2024-10-17,1,Nirlon Knowledge Park,Thursday,0,10206,10206,0,722975.0,70.84,1703,5626,2877,3351,Actual,10206,10206,10206
2024-10-18,1,Nirlon Knowledge Park,Friday,0,8743,8743,0,631182.0,72.19,1564,4636,2543,2839,Actual,8743,8743,8743
2024-10-19,1,Nirlon Knowledge Park,Saturday,1,1130,1130,0,59449.5,52.61,228,523,379,350,Actual,1130,1130,1130
2024-10-20,1,Nirlon Knowledge Park,Sunday,1,374,374,0,19820.0,52.99,80,180,114,116,Actual,374,374,374
2024-10-21,1,Nirlon Knowledge Park,Monday,0,8797,8797,0,607897.05,69.1,1504,4832,2461,2949,Actual,8797,8797,8797
2024-10-22,1,Nirlon Knowledge Park,Tuesday,0,10163,10163,0,1000936.4,98.49,1614,5752,2797,3380,Actual,10163,10163,10163
2024-10-23,1,Nirlon Knowledge Park,Wednesday,0,9582,9582,0,697572.95,72.8,1713,5078,2791,3076,Actual,9582,9582,9582
2024-10-24,1,Nirlon Knowledge Park,Thursday,0,9533,9533,0,665471.7,69.81,1648,5275,2610,3100,Actual,9533,9533,9533
2024-10-25,1,Nirlon Knowledge Park,Friday,0,7904,7904,0,577406.3,73.05,1430,4182,2292,2507,Actual,7904,7904,7904
2024-10-26,1,Nirlon Knowledge Park,Saturday,1,1052,1052,0,57146.25,54.32,169,550,333,359,Actual,1052,1052,1052
2024-10-27,1,Nirlon Knowledge Park,Sunday,1,347,347,0,18643.0,53.73,71,144,132,98,Actual,347,347,347
2024-10-28,1,Nirlon Knowledge Park,Monday,0,7667,7667,0,532680.1,69.48,1389,4059,2219,2524,Actual,7667,7667,7667
2024-10-29,1,Nirlon Knowledge Park,Tuesday,0,7776,7776,0,557664.95,71.72,1405,4103,2268,2475,Actual,7776,7776,7776
2024-10-30,1,Nirlon Knowledge Park,Wednesday,0,7134,7134,0,534895.9,74.98,1357,3658,2119,2285,Actual,7134,7134,7134
2024-10-31,1,Nirlon Knowledge Park,Thursday,0,4247,4247,0,322398.75,75.91,830,2035,1382,1254,Actual,4247,4247,4247
2024-11-01,1,Nirlon Knowledge Park,Friday,0,1955,1955,0,115863.55,59.27,357,897,701,576,Actual,1955,1955,1955
2024-11-02,1,Nirlon Knowledge Park,Saturday,1,720,720,0,37257.0,51.75,139,277,304,216,Actual,720,720,720
2024-11-03,1,Nirlon Knowledge Park,Sunday,1,323,323,0,17065.0,52.83,48,164,111,96,Actual,323,323,323
2024-11-04,1,Nirlon Knowledge Park,Monday,0,7264,7264,0,480584.95,66.16,1189,3943,2132,2468,Actual,7264,7264,7264
2024-11-05,1,Nirlon Knowledge Park,Tuesday,0,8854,8854,0,595846.25,67.3,1458,4887,2509,2920,Actual,8854,8854,8854
2024-11-06,1,Nirlon Knowledge Park,Wednesday,0,9135,9135,0,636421.15,69.67,1504,5054,2577,3030,Actual,9135,9135,9135
2024-11-07,1,Nirlon Knowledge Park,Thursday,0,8810,8810,0,642880.3,72.97,1834,3538,3438,1977,Actual,8810,8810,8810
2024-11-08,1,Nirlon Knowledge Park,Friday,0,7691,7691,0,569155.2,74.0,1741,2680,3270,1523,Actual,7691,7691,7691
2024-11-09,1,Nirlon Knowledge Park,Saturday,1,1250,1250,0,69586.85,55.67,298,336,616,213,Actual,1250,1250,1250
2024-11-10,1,Nirlon Knowledge Park,Sunday,1,567,567,0,31988.75,56.42,143,109,315,79,Actual,567,567,567
2024-11-11,1,Nirlon Knowledge Park,Monday,0,7706,7706,0,651822.7,84.59,1622,2909,3175,1732,Actual,7706,7706,7706
2024-11-12,1,Nirlon Knowledge Park,Tuesday,0,9377,9377,0,631844.85,67.38,1524,4001,3852,2305,Actual,9377,9377,9377
2024-11-13,1,Nirlon Knowledge Park,Wednesday,0,9539,9539,0,654853.9,68.65,1433,4540,3566,2613,Actual,9539,9539,9539
2024-11-14,1,Nirlon Knowledge Park,Thursday,0,9287,9287,0,931241.5,100.27,1585,5165,2537,3084,Actual,9287,9287,9287
2024-11-15,1,Nirlon Knowledge Park,Friday,0,6194,6194,0,464605.9,75.01,847,3331,2016,2163,Actual,6194,6194,6194
2024-11-16,1,Nirlon Knowledge Park,Saturday,1,1148,1148,0,62486.9,54.43,150,553,445,395,Actual,1148,1148,1148
2024-11-17,1,Nirlon Knowledge Park,Sunday,1,478,478,0,23553.0,49.27,133,216,129,132,Actual,478,478,478
2024-11-18,1,Nirlon Knowledge Park,Monday,0,8613,8613,0,611133.4,70.95,1167,4971,2475,2940,Actual,8613,8613,8613
2024-11-19,1,Nirlon Knowledge Park,Tuesday,0,9229,9229,0,614743.15,66.61,1122,5405,2702,3208,Actual,9229,9229,9229
2024-11-20,1,Nirlon Knowledge Park,Wednesday,0,706,706,0,41523.0,58.81,32,387,287,299,Actual,706,706,706
2024-11-21,1,Nirlon Knowledge Park,Thursday,0,8400,8400,0,667055.65,79.41,1372,4296,2732,2608,Actual,8400,8400,8400
2024-11-22,1,Nirlon Knowledge Park,Friday,0,8148,8148,0,576985.05,70.81,1442,3946,2760,2284,Actual,8148,8148,8148
2024-11-23,1,Nirlon Knowledge Park,Saturday,1,1191,1191,0,69168.75,58.08,153,591,447,363,Actual,1191,1191,1191
2024-11-24,1,Nirlon Knowledge Park,Sunday,1,455,455,0,25767.5,56.63,67,212,176,121,Actual,455,455,455
2024-11-25,1,Nirlon Knowledge Park,Monday,0,8116,8116,0,538857.15,66.39,1401,4107,2608,2389,Actual,8116,8116,8116
2024-11-26,1,Nirlon Knowledge Park,Tuesday,0,9190,9190,0,1308818.45,142.42,1519,4824,2847,2842,Actual,9190,9190,9190
2024-11-27,1,Nirlon Knowledge Park,Wednesday,0,9212,9212,0,617391.0,67.02,1582,4949,2681,2845,Actual,9212,9212,9212
2024-11-28,1,Nirlon Knowledge Park,Thursday,0,8050,8050,0,721251.1,89.6,1364,4145,2541,2477,Actual,8050,8050,8050
2024-11-29,1,Nirlon Knowledge Park,Friday,0,7912,7912,0,435319.15,55.02,1486,4112,2314,2155,Actual,7912,7912,7912
2024-11-30,1,Nirlon Knowledge Park,Saturday,1,1040,1040,0,44616.35,42.9,127,482,431,320,Actual,1040,1040,1040
2024-12-01,1,Nirlon Knowledge Park,Sunday,1,416,416,0,18112.9,43.54,61,194,161,117,Actual,416,416,416
2024-12-02,1,Nirlon Knowledge Park,Monday,0,8917,8917,0,669250.66,75.05,1405,4716,2796,2704,Actual,8917,8917,8917
2024-12-03,1,Nirlon Knowledge Park,Tuesday,0,9683,9683,0,723851.12,74.75,1846,5156,2681,3004,Actual,9683,9683,9683
2024-12-04,1,Nirlon Knowledge Park,Wednesday,0,9832,9832,0,599453.34,60.97,1639,5249,2944,3023,Actual,9832,9832,9832
2024-12-05,1,Nirlon Knowledge Park,Thursday,0,8784,8784,0,567904.05,64.65,1479,4565,2740,2752,Actual,8784,8784,8784
2024-12-06,1,Nirlon Knowledge Park,Friday,0,7877,7877,0,562035.4,71.35,1543,3769,2565,2305,Actual,7877,7877,7877
2024-12-07,1,Nirlon Knowledge Park,Saturday,1,1132,1132,0,61512.95,54.34,223,605,304,381,Actual,1132,1132,1132
2024-12-08,1,Nirlon Knowledge Park,Sunday,1,453,453,0,23581.0,52.06,105,188,160,124,Actual,453,453,453
2024-12-09,1,Nirlon Knowledge Park,Monday,0,8159,8159,0,960614.12,117.74,1526,4012,2621,2518,Actual,8159,8159,8159
2024-12-10,1,Nirlon Knowledge Park,Tuesday,0,9056,9056,0,1315921.35,145.31,1671,4418,2967,2721,Actual,9056,9056,9056
2024-12-11,1,Nirlon Knowledge Park,Wednesday,0,8749,8749,0,592358.9,67.71,1474,4411,2864,2695,Actual,8749,8749,8749
2024-12-12,1,Nirlon Knowledge Park,Thursday,0,8574,8574,0,775626.27,90.46,1527,4257,2790,2598,Actual,8574,8574,8574
2024-12-13,1,Nirlon Knowledge Park,Friday,0,7134,7134,0,505326.25,70.83,1353,3515,2266,2198,Actual,7134,7134,7134
2024-12-14,1,Nirlon Knowledge Park,Saturday,1,1032,1032,0,59572.45,57.73,215,473,344,305,Actual,1032,1032,1032
2024-12-15,1,Nirlon Knowledge Park,Sunday,1,359,359,0,18662.0,51.98,70,144,145,91,Actual,359,359,359
2024-12-16,1,Nirlon Knowledge Park,Monday,0,8099,8099,0,528756.1,65.29,1487,4086,2526,2501,Actual,8099,8099,8099
2024-12-17,1,Nirlon Knowledge Park,Tuesday,0,8819,8819,0,594078.3,67.36,1527,4529,2763,2745,Actual,8819,8819,8819
2024-12-18,1,Nirlon Knowledge Park,Wednesday,0,8430,8430,0,562195.18,66.69,1552,4177,2701,2570,Actual,8430,8430,8430
2024-12-19,1,Nirlon Knowledge Park,Thursday,0,7480,7480,0,510466.4,68.24,1477,3643,2360,2280,Actual,7480,7480,7480
2024-12-20,1,Nirlon Knowledge Park,Friday,0,6109,6109,0,421171.8,68.94,1295,2827,1987,1765,Actual,6109,6109,6109
2024-12-21,1,Nirlon Knowledge Park,Saturday,1,1034,1034,0,57331.95,55.45,163,447,424,317,Actual,1034,1034,1034
2024-12-22,1,Nirlon Knowledge Park,Sunday,1,371,371,0,18732.75,50.49,86,148,137,102,Actual,371,371,371
2024-12-23,1,Nirlon Knowledge Park,Monday,0,5170,5170,0,333463.8,64.5,1056,2413,1701,1574,Actual,5170,5170,5170
2024-12-24,1,Nirlon Knowledge Park,Tuesday,0,5331,5331,0,351910.75,66.01,1002,2589,1740,1516,Actual,5331,5331,5331
2024-12-25,1,Nirlon Knowledge Park,Wednesday,0,817,817,0,48285.9,59.1,120,375,322,276,Actual,817,817,817
2024-12-26,1,Nirlon Knowledge Park,Thursday,0,3647,3647,0,238641.14,65.43,710,1693,1244,1078,Actual,3647,3647,3647
2024-12-27,1,Nirlon Knowledge Park,Friday,0,3845,3845,0,258754.65,67.3,803,1688,1354,1076,Actual,3845,3845,3845
2024-12-28,1,Nirlon Knowledge Park,Saturday,1,846,846,0,43694.75,51.65,175,326,345,239,Actual,846,846,846
2024-12-29,1,Nirlon Knowledge Park,Sunday,1,325,325,0,17066.0,52.51,86,112,127,74,Actual,325,325,325
2024-12-30,1,Nirlon Knowledge Park,Monday,0,4398,4398,0,280386.18,63.75,824,2112,1462,1337,Actual,4398,4398,4398
2024-12-31,1,Nirlon Knowledge Park,Tuesday,0,2977,2977,0,179787.39,60.39,556,1278,1143,863,Actual,2977,2977,2977
2025-01-01,1,Nirlon Knowledge Park,Wednesday,0,3001,3001,0,191977.2,63.97,530,1444,1027,929,Actual,3001,3001,3001
2025-01-02,1,Nirlon Knowledge Park,Thursday,0,8130,8130,0,513034.99,63.1,1207,4271,2652,2732,Actual,8130,8130,8130
2025-01-03,1,Nirlon Knowledge Park,Friday,0,7864,7864,0,503187.38,63.99,1194,4194,2476,2635,Actual,7864,7864,7864
2025-01-04,1,Nirlon Knowledge Park,Saturday,1,1260,1260,0,67231.0,53.36,223,529,508,381,Actual,1260,1260,1260
2025-01-05,1,Nirlon Knowledge Park,Sunday,1,391,391,0,21931.0,56.09,75,160,156,116,Actual,391,391,391
2025-01-06,1,Nirlon Knowledge Park,Monday,0,8906,8906,0,594481.0,66.75,1537,4529,2840,2872,Actual,8906,8906,8906
2025-01-07,1,Nirlon Knowledge Park,Tuesday,0,9791,9791,0,654413.0,66.84,1647,5047,3097,3086,Actual,9791,9791,9791
2025-01-08,1,Nirlon Knowledge Park,Wednesday,0,9687,9687,0,669739.0,69.14,1395,5203,3089,3165,Actual,9687,9687,9687
2025-01-09,1,Nirlon Knowledge Park,Thursday,0,9790,9790,0,719055.5,73.45,1639,5059,3092,3060,Actual,9790,9790,9790
2025-01-10,1,Nirlon Knowledge Park,Friday,0,8658,8658,0,624889.0,72.17,1604,4252,2802,2629,Actual,8658,8658,8658
2025-01-11,1,Nirlon Knowledge Park,Saturday,1,1295,1295,0,74872.0,57.82,257,590,448,390,Actual,1295,1295,1295
2025-01-12,1,Nirlon Knowledge Park,Sunday,1,433,433,0,23304.0,53.82,106,182,145,138,Actual,433,433,433
2025-01-13,1,Nirlon Knowledge Park,Monday,0,8510,8510,0,567658.0,66.7,1578,4221,2711,2597,Actual,8510,8510,8510
2025-01-14,1,Nirlon Knowledge Park,Tuesday,0,3407,3407,0,197227.0,57.89,692,1496,1219,967,Actual,3407,3407,3407
2025-01-15,1,Nirlon Knowledge Park,Wednesday,0,10291,10291,0,720663.0,70.03,1686,5279,3326,3187,Actual,10291,10291,10291
2025-01-16,1,Nirlon Knowledge Park,Thursday,0,10297,10297,0,776144.0,75.38,1846,5225,3226,3103,Actual,10297,10297,10297
2025-01-17,1,Nirlon Knowledge Park,Friday,0,9053,9053,0,618388.0,68.31,1641,4457,2955,2648,Actual,9053,9053,9053
2025-01-18,1,Nirlon Knowledge Park,Saturday,1,1287,1287,0,71031.0,55.19,239,562,486,381,Actual,1287,1287,1287
2025-01-19,1,Nirlon Knowledge Park,Sunday,1,455,455,0,24688.0,54.26,97,191,167,119,Actual,455,455,455
2025-01-20,1,Nirlon Knowledge Park,Monday,0,8920,8920,0,607584.0,68.11,1489,4371,3060,2425,Actual,8920,8920,8920
2025-01-21,1,Nirlon Knowledge Park,Tuesday,0,10824,10824,0,724861.0,66.97,1802,5445,3577,2971,Actual,10824,10824,10824
2025-01-22,1,Nirlon Knowledge Park,Wednesday,0,11355,11355,0,813421.0,71.64,2028,5510,3817,3216,Actual,11355,11355,11355
2025-01-23,1,Nirlon Knowledge Park,Thursday,0,9981,9981,0,680601.0,68.19,1897,4775,3309,2812,Actual,9981,9981,9981
2025-01-24,1,Nirlon Knowledge Park,Friday,0,8296,8296,0,586378.0,70.68,1572,3822,2902,2306,Actual,8296,8296,8296
2025-01-25,1,Nirlon Knowledge Park,Saturday,1,1015,1015,0,56971.0,56.13,157,424,434,289,Actual,1015,1015,1015
2025-01-26,1,Nirlon Knowledge Park,Sunday,1,450,450,0,21291.0,47.31,110,230,110,116,Actual,450,450,450
2025-01-27,1,Nirlon Knowledge Park,Monday,0,9149,9149,0,629594.0,68.82,1854,3703,3592,2247,Actual,9149,9149,9149
2025-01-28,1,Nirlon Knowledge Park,Tuesday,0,10308,10308,0,710748.0,68.95,2072,4230,4006,2587,Actual,10308,10308,10308
2025-01-29,1,Nirlon Knowledge Park,Wednesday,0,10109,10109,0,716429.0,70.87,2056,4488,3565,2639,Actual,10109,10109,10109
2025-01-30,1,Nirlon Knowledge Park,Thursday,0,10195,10195,0,708585.25,69.5,2005,4652,3538,2710,Actual,10195,10195,10195
2025-01-31,1,Nirlon Knowledge Park,Friday,0,8717,8717,0,623138.0,71.49,1783,3930,3004,2347,Actual,8717,8717,8717
2025-02-01,1,Nirlon Knowledge Park,Saturday,1,1267,1267,0,67385.0,53.18,307,447,513,311,Actual,1267,1267,1267
2025-02-02,1,Nirlon Knowledge Park,Sunday,1,439,439,0,23051.0,52.51,125,143,171,99,Actual,439,439,439
2025-02-03,1,Nirlon Knowledge Park,Monday,0,9256,9256,0,614335.0,66.37,1790,4316,3150,2546,Actual,9256,9256,9256
2025-02-04,1,Nirlon Knowledge Park,Tuesday,0,10074,10074,0,679596.0,67.46,1933,4793,3348,2819,Actual,10074,10074,10074
2025-02-05,1,Nirlon Knowledge Park,Wednesday,0,10389,10389,0,760465.0,73.2,2068,4830,3491,2850,Actual,10389,10389,10389
2025-02-06,1,Nirlon Knowledge Park,Thursday,0,10303,10303,0,708704.0,68.79,2166,4812,3325,2795,Actual,10303,10303,10303
2025-02-07,1,Nirlon Knowledge Park,Friday,0,8383,8383,0,581035.0,69.31,1795,3738,2850,2274,Actual,8383,8383,8383
2025-02-08,1,Nirlon Knowledge Park,Saturday,1,1361,1361,0,77609.0,57.02,310,525,526,330,Actual,1361,1361,1361
2025-02-09,1,Nirlon Knowledge Park,Sunday,1,555,555,0,29879.0,53.84,165,221,169,129,Actual,555,555,555
2025-02-10,1,Nirlon Knowledge Park,Monday,0,9188,9188,0,614041.0,66.83,1718,4298,3172,2576,Actual,9188,9188,9188
2025-02-11,1,Nirlon Knowledge Park,Tuesday,0,10374,10374,0,707527.0,68.2,2002,4925,3447,3000,Actual,10374,10374,10374
2025-02-12,1,Nirlon Knowledge Park,Wednesday,0,10466,10466,0,804660.0,76.88,2026,4859,3581,2904,Actual,10466,10466,10466
2025-02-13,1,Nirlon Knowledge Park,Thursday,0,10104,10104,0,746429.0,73.87,1956,4704,3444,2828,Actual,10104,10104,10104
2025-02-14,1,Nirlon Knowledge Park,Friday,0,8426,8426,0,597923.0,70.96,1681,3864,2881,2240,Actual,8426,8426,8426
2025-02-15,1,Nirlon Knowledge Park,Saturday,1,1192,1192,0,65609.0,55.04,339,411,442,309,Actual,1192,1192,1192
2025-02-16,1,Nirlon Knowledge Park,Sunday,1,425,425,0,22109.0,52.02,140,135,150,93,Actual,425,425,425
2025-02-17,1,Nirlon Knowledge Park,Monday,0,7834,7834,0,587736.0,75.02,1539,3646,2649,2297,Actual,7834,7834,7834
2025-02-18,1,Nirlon Knowledge Park,Tuesday,0,9730,9730,0,726029.0,74.62,1803,4609,3318,2858,Actual,9730,9730,9730
2025-02-19,1,Nirlon Knowledge Park,Wednesday,0,10097,10097,0,818040.0,81.02,1901,4852,3344,2914,Actual,10097,10097,10097
2025-02-20,1,Nirlon Knowledge Park,Thursday,0,10083,10083,0,756420.0,75.02,1975,4634,3474,2831,Actual,10083,10083,10083
2025-02-21,1,Nirlon Knowledge Park,Friday,0,8614,8614,0,657227.0,76.3,1724,3890,3000,2389,Actual,8614,8614,8614
2025-02-22,1,Nirlon Knowledge Park,Saturday,1,1155,1155,0,71180.0,61.63,284,449,422,303,Actual,1155,1155,1155
2025-02-23,1,Nirlon Knowledge Park,Sunday,1,390,390,0,22973.0,58.91,105,137,148,95,Actual,390,390,390
2025-02-24,1,Nirlon Knowledge Park,Monday,0,8653,8653,0,649971.0,75.12,1654,4053,2946,2536,Actual,8653,8653,8653
2025-02-25,1,Nirlon Knowledge Park,Tuesday,0,10343,10343,0,783360.0,75.74,1958,5062,3323,3006,Actual,10343,10343,10343
2025-02-26,1,Nirlon Knowledge Park,Wednesday,0,8852,8852,0,645601.0,72.93,1612,4240,3000,2559,Actual,8852,8852,8852
2025-02-27,1,Nirlon Knowledge Park,Thursday,0,9972,9972,0,767735.0,76.99,1892,4861,3219,2959,Actual,9972,9972,9972
2025-02-28,1,Nirlon Knowledge Park,Friday,0,8914,8914,0,709900.0,79.64,1691,4344,2879,2678,Actual,8914,8914,8914
2025-03-01,1,Nirlon Knowledge Park,Saturday,1,1085,1085,0,65212.0,60.1,249,405,431,316,Actual,1085,1085,1085
2025-03-02,1,Nirlon Knowledge Park,Sunday,1,407,407,0,22937.0,56.36,111,145,151,98,Actual,407,407,407
2025-03-03,1,Nirlon Knowledge Park,Monday,0,8925,8925,0,676189.0,75.76,1724,4307,2894,2721,Actual,8925,8925,8925
2025-03-04,1,Nirlon Knowledge Park,Tuesday,0,10043,10043,0,736979.0,73.38,1762,4869,3412,2947,Actual,10043,10043,10043
2025-03-05,1,Nirlon Knowledge Park,Wednesday,0,10390,10390,0,866647.0,83.41,1767,4944,3679,3003,Actual,10390,10390,10390
2025-03-06,1,Nirlon Knowledge Park,Thursday,0,10127,10127,0,764058.0,75.45,1837,4779,3511,2895,Actual,10127,10127,10127
2025-03-07,1,Nirlon Knowledge Park,Friday,0,9202,9202,0,717370.0,77.96,1792,4350,3060,2649,Actual,9202,9202,9202
2025-03-08,1,Nirlon Knowledge Park,Saturday,1,1139,1139,0,74115.0,65.07,231,416,492,305,Actual,1139,1139,1139
2025-03-09,1,Nirlon Knowledge Park,Sunday,1,473,473,0,26503.0,56.03,129,150,194,103,Actual,473,473,473
2025-03-10,1,Nirlon Knowledge Park,Monday,0,8923,8923,0,636999.0,71.39,1652,4129,3142,2541,Actual,8923,8923,8923
2025-03-11,1,Nirlon Knowledge Park,Tuesday,0,10215,10215,0,755266.0,73.94,1846,4886,3483,2989,Actual,10215,10215,10215
2025-03-12,1,Nirlon Knowledge Park,Wednesday,0,10494,10494,0,864626.0,82.39,1963,4960,3571,2834,Actual,10494,10494,10494
2025-03-13,1,Nirlon Knowledge Park,Thursday,0,9027,9027,0,690394.0,76.48,1756,3980,3291,2290,Actual,9027,9027,9027
2025-03-14,1,Nirlon Knowledge Park,Friday,0,2678,2678,0,170206.0,63.56,590,1020,1068,623,Actual,2678,2678,2678
2025-03-15,1,Nirlon Knowledge Park,Saturday,1,923,923,0,51849.0,56.17,238,313,372,228,Actual,923,923,923
2025-03-16,1,Nirlon Knowledge Park,Sunday,1,456,456,0,23361.0,51.23,133,169,154,111,Actual,456,456,456
2025-03-17,1,Nirlon Knowledge Park,Monday,0,8800,8800,0,642415.0,73.0,1613,4139,3048,2468,Actual,8800,8800,8800
2025-03-18,1,Nirlon Knowledge Park,Tuesday,0,10295,10295,0,772086.0,75.0,1949,4726,3620,2814,Actual,10295,10295,10295
2025-03-19,1,Nirlon Knowledge Park,Wednesday,0,10541,10541,0,802309.0,76.11,1930,4738,3873,2829,Actual,10541,10541,10541
2025-03-20,1,Nirlon Knowledge Park,Thursday,0,10452,10452,0,787393.0,75.33,1996,4634,3822,2759,Actual,10452,10452,10452
2025-03-21,1,Nirlon Knowledge Park,Friday,0,8747,8747,0,677108.0,77.41,1734,3902,3111,2390,Actual,8747,8747,8747
2025-03-22,1,Nirlon Knowledge Park,Saturday,1,1160,1160,0,68597.0,59.14,255,411,494,290,Actual,1160,1160,1160
2025-03-23,1,Nirlon Knowledge Park,Sunday,1,473,473,0,25142.0,53.15,132,147,194,111,Actual,473,473,473
2025-03-24,1,Nirlon Knowledge Park,Monday,0,9101,9101,0,667593.0,73.35,1678,4175,3248,2606,Actual,9101,9101,9101
2025-03-25,1,Nirlon Knowledge Park,Tuesday,0,10328,10328,0,774070.0,74.95,1956,4760,3612,2871,Actual,10328,10328,10328
2025-03-26,1,Nirlon Knowledge Park,Wednesday,0,10695,10695,0,820659.0,76.73,1822,5004,3869,2848,Actual,10695,10695,10695
2025-03-27,1,Nirlon Knowledge Park,Thursday,0,9428,9428,0,710854.0,75.4,1864,4226,3338,2598,Actual,9428,9428,9428
2025-03-28,1,Nirlon Knowledge Park,Friday,0,7642,7642,0,606202.0,79.33,1609,3303,2730,2062,Actual,7642,7642,7642
2025-03-29,1,Nirlon Knowledge Park,Saturday,1,1095,1095,0,65635.0,59.94,262,381,452,283,Actual,1095,1095,1095
2025-03-30,1,Nirlon Knowledge Park,Sunday,1,398,398,0,22178.0,55.72,92,127,179,94,Actual,398,398,398
2025-03-31,1,Nirlon Knowledge Park,Monday,0,2641,2641,0,159471.0,60.38,599,1089,953,703,Actual,2641,2641,2641
2025-04-01,1,Nirlon Knowledge Park,Tuesday,0,5560,5445,82,391003.0,71.81,1038,2499,2023,1771,Actual,5560,5560,5560
2025-04-02,1,Nirlon Knowledge Park,Wednesday,0,9645,9645,0,674803.73,69.97,6752,1929,964,8198,Forecast,9645,6591,12699
2025-04-03,1,Nirlon Knowledge Park,Thursday,0,9332,9332,0,652944.65,69.97,6532,1866,933,7932,Forecast,9332,6278,12387
2025-04-04,1,Nirlon Knowledge Park,Friday,0,7546,7546,0,527954.74,69.97,5282,1509,755,6414,Forecast,7546,4492,10600
2025-04-05,1,Nirlon Knowledge Park,Saturday,1,1143,1143,0,79960.14,69.97,800,229,114,972,Forecast,1143,0,4197
2025-04-06,1,Nirlon Knowledge Park,Sunday,1,506,506,0,35397.47,69.97,354,101,51,430,Forecast,506,0,3560
2025-04-07,1,Nirlon Knowledge Park,Monday,0,7642,7642,0,534660.98,69.97,5349,1528,764,6496,Forecast,7642,4588,10696
2025-04-08,1,Nirlon Knowledge Park,Tuesday,0,9147,9147,0,639996.38,69.97,6403,1829,915,7775,Forecast,9147,6093,12202
